Amino Acid Position,Ref AA,Strongest Z-Score Alt AA,Strongest Z-Score sgRNA,Strongest Z-score,Strongest Z-Score mutation,Mean Z-Score,Most Severe Possible Mutation
1.0,Met,Thr,CCCCGCCATGGCCGGCTGGC,1.5398184584630474,Missense,0.10939683399645017,Missense
4.0,Leu,Pro,GAGTACAGCCCCGCCATGGC,-0.22052117833871193,Missense,-0.08495137394810745,Missense
5.0,Tyr,Cys,CTGTACTCGCTGGGAGTGAG,-2.196488324778888,Missense,-0.8063115879936072,Missense
6.0,Ser,Pro,CAGCGAGTACAGCCCCGCCA,-1.0774295791807968,Missense,-1.064725144973779,Missense
7.0,Leu,Pro,ACTCCCAGCGAGTACAGCCC,-2.575305760074354,Missense,-2.575305760074354,Missense
8.0,Gly,Gly,CTGGGAGTGAGCGTCTTCTC,-0.40535024849393375,Silent,-0.40535024849393375,Silent
9.0,Val,Ala,CGCTCACTCCCAGCGAGTAC,-1.615189448997857,Missense,-1.615189448997857,Missense
10.0,Ser,Gly,AGTGAGCGTCTTCTCCGACC,-2.2033897707304613,Missense,-1.918894988995409,Missense
11.0,Val,Ala,GAGAAGACGCTCACTCCCAG,-4.631167682747815,Missense,-2.3850082131267594,Missense
12.0,Phe,Pro,GAGAAGACGCTCACTCCCAG,-4.631167682747815,Missense,-3.851661849785672,Missense
13.0,Ser,Pro,CGGAGAAGACGCTCACTCCC,-3.0721560168235285,Missense,-3.0721560168235285,Missense
14.0,Asp,Gly,CTCCGACCAGGGCGGGAGGA,-2.2673211221416993,Missense,-2.2673211221416993,Missense
18.0,Arg,Gly,GGCGGGAGGAAGTACATGGA,-4.494538131932444,Missense,-3.7483781019558537,Missense
19.0,Lys,Gly,GGGAGGAAGTACATGGAGGA,-2.652767309089622,Missense,-2.652767309089622,Missense
20.0,Tyr,His,CCATGTACTTCCTCCCGCCC,-3.262648534350699,Missense,-2.152643580047294,Missense
21.0,Met,Thr,GTCCTCCATGTACTTCCTCC,-2.212764866822509,Missense,-2.212764866822509,Missense
22.0,Glu,Gly,ATGGAGGACGTTACTCAAAT,-2.0605864888791148,Missense,-2.0605864888791148,Missense
23.0,Asp,Gly,GAGGACGTTACTCAAATCGT,-3.067816225682111,Missense,-2.564201357280613,Missense
25.0,Thr,Ala,GGACGTTACTCAAATCGTTG,-2.8940036434749237,Missense,-1.8146771324827242,Missense
26.0,Gln,Arg,ACTCAAATCGTTGTGGAGCC,0.28806963856361484,Missense,0.28806963856361484,Missense
27.0,Ile,Val,ACTCAAATCGTTGTGGAGCC,0.28806963856361484,Missense,0.28806963856361484,Missense
28.0,Val,Ala,CTCCACAACGATTTGAGTAA,0.061349357670829996,Missense,0.061349357670829996,Missense
29.0,Val,Ala,CTCCACAACGATTTGAGTAA,0.061349357670829996,Missense,0.061349357670829996,Missense
30.0,Glu,Gly,GTGGAGCCCGAACCGACGGC,1.4018275956475064,Missense,0.9048003248192913,Missense
32.0,Glu,Gly,GAGCCCGAACCGACGGCTGA,0.607383885881182,Missense,0.607383885881182,Missense
34.0,Thr,Ala,CGAACCGACGGCTGAAGAAA,0.37014620661176423,Missense,0.37014620661176423,Missense
35.0,Ala,Ala,TTTCTTCAGCCGTCGGTTCG,-0.02613759998994009,Silent,-0.02613759998994009,Silent
36.0,Glu,Gly,CTGAAGAAAAGCCCTCGCCG,1.4953128066880415,Missense,1.4953128066880417,Missense
36.0,Glu,Gly,CTGAAGAAAAGCCCTCGCCG,1.4953128066880415,Missense,1.4953128066880417,Missense
37.0,Glu,Gly,CTGAAGAAAAGCCCTCGCCG,1.4953128066880415,Missense,0.9857712487233132,Missense
37.0,Glu,Gly,CTGAAGAAAAGCCCTCGCCG,1.4953128066880415,Missense,0.9857712487233132,Missense
38.0,Lys,Gly,AGAAAAGCCCTCGCCGCGGC,1.726495983571809,Missense,1.0628323076845692,Missense
38.0,Lys,Gly,AGAAAAGCCCTCGCCGCGGC,1.726495983571809,Missense,1.0628323076845692,Missense
44.0,Ser,Pro,ACAGCGACCGCCGCGGCGAG,0.08008663614939067,Missense,0.04001143710953794,Missense
45.0,Leu,Pro,AGACAGCGACCGCCGCGGCG,0.9675441760628081,Missense,0.39090951032165694,Missense
46.0,Ser,Pro,GGCTGAGACAGCGACCGCCG,1.15873028738777,Missense,0.6305336351058414,Missense
47.0,Gln,Arg,GTCTCAGCCGTTGCCTCCGC,0.5141795258257584,Missense,0.31175969621010563,Missense
49.0,Leu,Pro,GGAGGCAACGGCTGAGACAG,-0.310788434175151,Missense,-0.14248204182124488,Missense
54.0,Ser,Pro,GCGACGGCCGCGGAGGCAAC,1.647927908012002,Missense,0.8212194629763853,Missense
58.0,Leu,Pro,CGGGAAGGGCGGCCGGCGAC,-0.3188947562813769,Missense,-0.20277127556341398,Missense
62.0,Glu,Gly,GCGGCGAAGTCTCGGGGAAA,-0.4607112537410367,Missense,-0.4169009501662863,Missense
63.0,Val,Ala,GAGACTTCGCCGCCGGGAAG,-0.9057566147959102,Missense,0.05912661946947247,Missense
64.0,Ser,Pro,TTCCCCGAGACTTCGCCGCC,-0.6127275001431332,Missense,0.007756155914682076,Missense
66.0,Lys,Glu,CTCGGGGAAAGGCCCAGCGG,0.41219440611039504,Missense,0.1848977166679324,Missense
68.0,Pro,Pro,AAGGCCCAGCGGTGGCAGCC,1.2665779338098235,Silent,0.3528733563539207,Silent
70.0,Val,Ala,GCCACCGCTGGGCCTTTCCC,-0.7783834179941975,Missense,-0.7783834179941976,Missense
71.0,Ala,Ala,CGGTGGCAGCCCGAGAGGCT,1.2368221121016818,Silent,0.9433779432098098,Silent
77.0,Asp,Gly,CGCGACCCTCTCCCGGACGC,0.5888959561400607,Missense,0.29692376260725195,Missense
78.0,Pro,Pro,GGAGAGGGTCGCGAGCCTCT,0.39791414926196655,Silent,0.17383230071876923,Silent
81.0,Asp,Gly,CCGGACGCCGGGGCCTCGCC,0.3875993892051099,Missense,0.3875993892051099,Missense
85.0,Ser,Pro,CCGGCGAGGCCCCGGCGTCC,1.5483217338337987,Missense,0.596722150740428,Missense
87.0,Ala,Ala,CGGCACCTAGCCGCTGCTGC,0.8066008381073887,Silent,0.5607850841942517,Silent
88.0,Pro,Pro,GCTAGGTGCCGGCGAGGCCC,0.09422126471140699,Silent,0.09422126471140697,Silent
89.0,Ser,Gly,CACCTAGCCGCTGCTGCCGC,0.6077845474595657,Missense,0.6077845474595657,Missense
91.0,Cys,Arg,GGCAGCAGCGGCTAGGTGCC,1.1134370510275935,Missense,0.2656371006862963,Missense
92.0,Cys,Arg,GGCAGCAGCGGCTAGGTGCC,1.1134370510275935,Missense,0.35795475326355425,Missense
95.0,Arg,Arg,GGAACGGCGGCGGCAGCAGC,0.23391153778853493,Silent,0.23391153778853493,Silent
96.0,Ser,Pro,AGGAACGGCGGCGGCAGCAG,1.0406150869871726,Missense,0.8338586178263899,Missense
97.0,Ser,Pro,CACGGAGGAACGGCGGCGGC,0.49832879324489143,Missense,0.49832879324489143,Missense
98.0,Val,Ala,AAAGGCCACGGAGGAACGGC,1.093685855235751,Missense,0.8624680450757487,Missense
100.0,Phe,Pro,GAAAAAGGCCACGGAGGAAC,-2.402014049709561,Missense,-0.8734470554221109,Missense
101.0,Phe,Pro,ACGGCGAAAAAGGCCACGGA,-2.471761914477408,Missense,-1.2625565755376327,Missense
103.0,Val,Ala,CACACGGCGAAAAAGGCCAC,-3.0126525490752,Missense,-1.8327697463867845,Missense
104.0,Cys,Arg,CCGTCGCACACGGCGAAAAA,-3.146645687077453,Missense,-3.1466456870774535,Missense
105.0,Asp,Gly,TGTGCGACGGGCACGGCGGG,-2.518681801475037,Missense,-1.456925802662809,Missense
107.0,His,Arg,GACGGGCACGGCGGGCGGGA,-3.9659609597297916,Missense,-2.471269516520251,Missense
111.0,Glu,Gly,GGGCGGGAGGCGGCACAGTT,-2.645230587620769,Missense,-1.334509583686071,Missense
113.0,Ala,Ala,GGCGGCACAGTTTGCCCGGG,0.6917460030567449,Silent,0.6917460030567449,Silent
115.0,Phe,Pro,GGGCAAACTGTGCCGCCTCC,-1.5902026356332746,Missense,-1.5902026356332746,Missense
120.0,Leu,Leu,ACAAGTGCTCCCGGGCAAAC,-0.8790269628331934,Silent,-0.8790269628331934,Silent
121.0,Trp,Arg,AAACCCCACAAGTGCTCCCG,-1.981979038826574,Missense,-1.981979038826574,Missense
122.0,Gly,Gly,GAAACCCCACAAGTGCTCCC,-1.0916869942441472,Silent,-1.0916869942441472,Silent
123.0,Phe,Leu,TGAAACCCCACAAGTGCTCC,-1.3570416601198456,Missense,-1.3570416601198456,Missense
124.0,Ile,Thr,CTTCTTGATGAAACCCCACA,-3.6425865863043194,Missense,-1.4604368654192756,Missense
127.0,Gln,Arg,GAAGCAGAAGGGTTTCACCT,-0.1223620293341911,Missense,-0.1223620293341911,Missense
128.0,Lys,Gly,CAGAAGGGTTTCACCTCGTC,0.3688971531359835,Missense,0.1232675619008962,Missense
129.0,Gly,Gly,GAAACCCTTCTGCTTCTTGA,-0.32330066449274736,Silent,-0.32330066449274736,Silent
130.0,Phe,Pro,GGTGAAACCCTTCTGCTTCT,0.5538738200543429,Missense,0.5538738200543429,Missense
131.0,Thr,Ala,GGTTTCACCTCGTCCGAGCC,0.8340122659680694,Missense,0.4598199799185201,Missense
132.0,Ser,Pro,CGGACGAGGTGAAACCCTTC,-3.2993726553026494,Missense,-3.2993726553026494,Missense
133.0,Ser,Pro,CGGACGAGGTGAAACCCTTC,-3.2993726553026494,Missense,-3.2993726553026494,Missense
134.0,Glu,Gly,CGTCCGAGCCGGCTAAGGTT,-0.5943241997282339,Missense,-0.23466466185536775,Missense
136.0,Ala,Ala,CTTAGCCGGCTCGGACGAGG,-2.538199500431653,Silent,-0.36839662194030154,Silent
137.0,Lys,Arg,CTAAGGTTTGCGCTGCCATC,-0.3130709656658109,Missense,-0.3130709656658109,Missense
138.0,Val,Ala,AGCGCAAACCTTAGCCGGCT,1.3852076302664615,Missense,0.3395280229997926,Missense
139.0,Cys,Arg,AGCGCAAACCTTAGCCGGCT,1.3852076302664615,Missense,0.7580959742433699,Missense
140.0,Ala,Ala,TGGCAGCGCAAACCTTAGCC,1.4595415418534925,Silent,1.24819439457629,Silent
142.0,Ile,Thr,CGGATGGCAGCGCAAACCTT,-1.5756787089429367,Missense,-0.5129016211033438,Missense
144.0,Lys,Gly,TCCGCAAAGGCTTTCTCGCT,-0.08151077302456244,Missense,-0.08151077302456244,Missense
146.0,Phe,Pro,GCGAGAAAGCCTTTGCGGAT,-1.9065657820164204,Missense,-1.1754986939022667,Missense
147.0,Leu,Pro,ACAAGCGAGAAAGCCTTTGC,-2.067546421666041,Missense,-1.5655368622485664,Missense
148.0,Ala,,,,,,Silent
149.0,Cys,Arg,GACAAGCGAGAAAGCCTTTG,-3.218971970722065,Missense,-3.0396205047694465,Missense
150.0,His,Arg,TTGTCACCTTGCCATGTGGA,-3.271084028366526,Missense,-3.2710840283665257,Missense
151.0,Leu,Pro,GGCAAGGTGACAAGCGAGAA,-2.7057598856120926,Missense,-1.278662902726667,Missense
153.0,Met,Thr,CCACATGGCAAGGTGACAAG,-3.535253238296618,Missense,-3.02459021075628,Missense
154.0,Trp,Arg,TTCCACATGGCAAGGTGACA,-3.0185008059909,Missense,-3.0185008059909,Missense
155.0,Lys,Glu,CATGTGGAAGAAACTGGGTA,-1.1812140585811037,Missense,-1.1812140585811037,Missense
156.0,Lys,Gly,AAGAAACTGGGTAAGTTCCC,4.225125338240038,Missense,3.9035358963919435,Missense
157.0,Leu,Pro,TTACCCAGTTTCTTCCACAT,-1.3608688245727623,Missense,-1.3608688245727623,Missense
159.0,Glu,Glu,GGAATGGCCAAAGACTATGA,-0.7481486193041293,Silent,-0.5154693363361066,Missense
160.0,Trp,Arg,TTGGCCATTCCGCTGTAATA,-2.3886371770884636,Missense,-2.3886371770884636,Missense
161.0,Pro,Pro,AATGGCCAAAGACTATGACG,0.2462204482723149,Silent,0.2462204482723149,Silent
163.0,Thr,,,,,,Silent
164.0,Met,Val,AGACTATGACGGGTCTTCCT,-0.9781150088187863,Missense,-0.4480738836142504,Missense
166.0,Gly,Gly,GAAGACCCGTCATAGTCTTT,-1.3255509293797028,Silent,-1.3255509293797028,Silent
167.0,Leu,Pro,GGAAGACCCGTCATAGTCTT,-1.9358364892309874,Missense,-1.9358364892309874,Missense
168.0,Pro,Pro,GTGCTAGGAAGACCCGTCAT,-2.397667691317281,Silent,-2.397667691317281,Silent
169.0,Ser,Gly,CCTAGCACATCAGGGACAAC,-0.29838248374215687,Missense,-0.29838248374215687,Missense
170.0,Thr,Thr,GCACATCAGGGACAACTGCC,-0.8700667670022044,Silent,-0.5842246253721807,Missense
171.0,Ser,Pro,CCTGATGTGCTAGGAAGACC,-1.9265589656185926,Missense,-0.8673094970844049,Missense
173.0,Thr,Ala,ATCAGGGACAACTGCCAGTG,-1.441389212808618,Missense,-1.169442932880582,Missense
174.0,Thr,Thr,ACTGGCAGTTGTCCCTGATG,-0.5291973800315336,Silent,-0.5291973800315336,Silent
176.0,Ser,Gly,TGCCAGTGTGGTCATCATTC,-0.9287112927547689,Missense,-0.17721943621541353,Missense
177.0,Val,Ala,ACCACACTGGCAGTTGTCCC,-0.4077461888751224,Missense,-0.4077461888751224,Missense
178.0,Val,Ala,ATGATGACCACACTGGCAGT,-2.006397939768015,Missense,-2.006397939768015,Missense
179.0,Ile,Thr,ATGATGACCACACTGGCAGT,-2.006397939768015,Missense,-1.2107016039169125,Missense
180.0,Ile,Thr,CGAATGATGACCACACTGGC,-1.9948334131570724,Missense,-0.35901261182088,Missense
183.0,Met,Thr,CATCTTCATGCCCCGAATGA,0.1327512706748638,Missense,0.0570207044537012,Missense
184.0,Lys,Gly,ATGAAGATGTATGTAGCTCA,0.02088109660741986,Missense,0.020881096607419863,Missense
185.0,Met,Val,AAGATGTATGTAGCTCACGT,-3.114867219796735,Missense,-1.2929792435058505,Missense
186.0,Tyr,Cys,AAGATGTATGTAGCTCACGT,-3.114867219796735,Missense,-2.3724575066264877,Missense
187.0,Val,Ala,GTGAGCTACATACATCTTCA,-1.3116553882626958,Missense,-1.3116553882626958,Missense
188.0,Ala,,,,,,Silent
189.0,His,Arg,GCTCACGTAGGTGACTCAGG,-3.0038128441147816,Missense,-2.1363820959221087,Missense
190.0,Val,Val,TCACGTAGGTGACTCAGGGG,-3.5783513602688455,Silent,-2.001008979854949,Silent
192.0,Asp,Gly,GTGACTCAGGGGTGGTTCTT,-3.3573362405417755,Missense,-2.947331228338712,Missense
193.0,Ser,Pro,ACCCCTGAGTCACCTACGTG,-2.821100972702137,Missense,-2.821100972702137,Missense
195.0,Val,Ala,AACCACCCCTGAGTCACCTA,-1.8318501815327046,Missense,-1.8318501815327046,Missense
197.0,Leu,Pro,AATTCCAAGAACCACCCCTG,-2.8195395189422254,Missense,-2.8195395189422254,Missense
198.0,Gly,,,,,,Silent
199.0,Ile,Val,TCTTGGAATTCAGGATGACC,-0.8782767586272697,Missense,0.11613650104173677,Missense
200.0,Gln,Arg,GGAATTCAGGATGACCCGAA,0.7268165749163817,Missense,0.035423405037504296,Missense
201.0,Asp,Gly,ATTCAGGATGACCCGAAGGA,-0.6559697648413731,Missense,-0.3109997232773836,Missense
202.0,Asp,Gly,GATGACCCGAAGGATGACTT,-1.3183934949957175,Missense,-1.3183934949957175,Missense
204.0,Lys,Gly,ACCCGAAGGATGACTTTGTC,-0.16390414631698744,Missense,-0.15369921464525646,Missense
205.0,Asp,Asp,AGTCATCCTTCGGGTCATCC,2.0494770329128795,Silent,0.6753475226473151,Missense
206.0,Asp,Gly,GATGACTTTGTCAGAGCTGT,-0.2937630080225905,Missense,6.559766284213669e-06,Missense
207.0,Phe,Ser,TCTGACAAAGTCATCCTTCG,1.2161577471298397,Missense,1.2161577471298397,Missense
208.0,Val,Ala,TCTGACAAAGTCATCCTTCG,1.2161577471298397,Missense,0.6976814013971543,Missense
209.0,Arg,Gly,CTTTGTCAGAGCTGTGGAGG,-1.2867429573084939,Missense,-0.5689420697599687,Missense
211.0,Val,Ala,CACCTCCACAGCTCTGACAA,1.1453303032603324,Missense,1.1453303032603324,Missense
213.0,Val,Ala,CTGTGTCACCTCCACAGCTC,-0.6999774538844155,Missense,-0.6999774538844155,Missense
214.0,Thr,Ala,GGAGGTGACACAGGACCATA,-1.6906145471489076,Missense,-0.7882970355704217,Missense
215.0,Gln,Arg,GTGACACAGGACCATAAGCC,0.11402047600806417,Missense,0.11402047600806416,Missense
218.0,Lys,Gly,CCATAAGCCAGAACTTCCCA,-1.7068658391674039,Missense,-1.1997006247178013,Missense
219.0,Pro,,,,,,Silent
220.0,Glu,Gly,CCAGAACTTCCCAAGGAAAG,-0.7091199941775677,Missense,-0.30191880958265466,Missense
221.0,Leu,Leu,CCTTGGGAAGTTCTGGCTTA,-0.2711501262911382,Silent,-0.03461215891385866,Missense
223.0,Lys,Gly,CCCAAGGAAAGAGAACGAAT,0.22400905285128786,Missense,0.22400905285128783,Missense
224.0,Glu,Gly,AGGAAAGAGAACGAATCGAA,0.4662516892485762,Missense,0.2811620304985562,Missense
225.0,Arg,Gly,AGGAAAGAGAACGAATCGAA,0.4662516892485762,Missense,0.30973851932219043,Missense
226.0,Glu,Gly,GAGAACGAATCGAAGGACTT,-0.2640200831918349,Missense,-0.21557342943856583,Missense
227.0,Arg,,,,,,Silent
228.0,Ile,Val,ACGAATCGAAGGACTTGGTG,-2.1034905283836225,Missense,-0.4572977234494565,Missense
229.0,Glu,Gly,GAATCGAAGGACTTGGTGGG,-1.4880504657849054,Missense,-0.6885819674181034,Missense
231.0,Leu,Leu,TCCCACCAAGTCCTTCGATT,-0.38413757256944636,Silent,-0.3841375725694463,Silent
232.0,Gly,Gly,TCCCACCAAGTCCTTCGATT,-0.38413757256944636,Silent,-0.3841375725694463,Silent
234.0,Ser,Gly,GGTGGGAGGTAACATTCTGT,-2.7499307950411764,Missense,-2.7499307950411764,Missense
235.0,Val,Ala,GTTCATTACACTAAAAATAA,-1.142604725174416,Missense,-0.6477875322823898,Missense
236.0,Met,Val,TGTAATGAACAAGTCTGGGG,-2.547666569101978,Missense,-1.1911699724019407,Missense
237.0,Asn,Asp,TGTAATGAACAAGTCTGGGG,-2.547666569101978,Missense,-2.3078228196654647,Missense
238.0,Lys,Gly,TGAACAAGTCTGGGGTGAAT,-2.067979070228951,Missense,-0.9548480091499707,Missense
242.0,Asn,Ser,TGAATCGTGTAGTTTGGAAA,-0.6584309030075453,Missense,-0.12820409641655864,Missense
243.0,Arg,Arg,TACACGATTCACCCCAGACT,-0.08198704016392422,Silent,-0.08198704016392422,Silent
244.0,Val,Val,GTGTAGTTTGGAAACGACCT,-1.0027628827877797,Silent,-0.49806954121855496,Missense
245.0,Val,Ala,CAAACTACACGATTCACCCC,0.006623800350669784,Missense,0.006623800350669784,Missense
250.0,Arg,Arg,GACCTCGACTCACTCACAAT,0.02653189545784876,Silent,0.02653189545784876,Silent
252.0,Thr,Thr,CATTGTGAGTGAGTCGAGGT,-0.879698949177256,Silent,-0.4083327728109331,Missense
253.0,His,Arg,CTCACAATGGACCTGTTAGA,-0.7283337498605691,Missense,-0.2649374757423201,Missense
254.0,Asn,Asn,CAGGTCCATTGTGAGTGAGT,1.6883860487940665,Silent,0.0480739102655464,Missense
255.0,Gly,,,,,,Silent
256.0,Pro,Pro,TAACAGGTCCATTGTGAGTG,1.1124291328699611,Silent,1.1124291328699611,Silent
257.0,Val,Val,TCCTTCTAACAGGTCCATTG,2.1179292367304323,Silent,-0.1626740101267822,Missense
258.0,Arg,Gly,GTTAGAAGGAGCACAGTTAT,-2.267704991052523,Missense,-2.267704991052523,Missense
259.0,Arg,Gly,GTTAGAAGGAGCACAGTTAT,-2.267704991052523,Missense,-2.267704991052523,Missense
260.0,Ser,Gly,AAGGAGCACAGTTATTGACC,-1.4792530233092849,Missense,-1.4792530233092849,Missense
261.0,Thr,Ala,AAGGAGCACAGTTATTGACC,-1.4792530233092849,Missense,-1.4792530233092849,Missense
262.0,Val,Ala,ATAACTGTGCTCCTTCTAAC,-0.4931004930206718,Missense,-0.49310049302067177,Missense
266.0,Ile,Thr,AAAGGAATCTGGTCAATAAC,-0.7602419167242029,Missense,-0.7410081146058802,Missense
269.0,Leu,Pro,TACTGCCAGAAAAGGAATCT,0.08693233482081683,Missense,0.08693233482081682,Missense
270.0,Ala,Ala,CTGGCAGTAGCAAGAGCACT,2.663936788789149,Silent,1.3984058114070903,Silent
271.0,Val,Val,TGGCAGTAGCAAGAGCACTT,0.13287483402503159,Silent,0.13287483402503159,Silent
272.0,Ala,,,,,,Silent
273.0,Arg,Gly,GCAAGAGCACTTGGTAAGTA,5.395279922288757,Missense,2.8784908274984478,Missense
275.0,Leu,Pro,TTACCAAGTGCTCTTGCTAC,-0.4541761361533072,Missense,-0.4541761361533072,Missense
276.0,Gly,Gly,CAAATCACCTGGGGGAAGGG,-2.262992105911853,Silent,-1.521630892406927,Silent
277.0,Asp,Asp,CAAATCACCTGGGGGAAGGG,-2.262992105911853,Silent,-1.3290615282760045,Missense
278.0,Leu,Pro,CACAAATCACCTGGGGGAAG,-2.5823718959547755,Missense,-2.1842960255660526,Missense
279.0,Trp,Arg,AGCTCCACAAATCACCTGGG,-2.5151937228600794,Missense,-2.1934694636069345,Missense
280.0,Ser,Gly,TGTGGAGCTATGATTTCTTC,-2.376829058435116,Missense,-1.6938211974648818,Missense
281.0,Tyr,Cys,TGGAGCTATGATTTCTTCAG,-1.0108133364946474,Missense,-0.18917816679633834,Missense
282.0,Asp,Gly,AGCTATGATTTCTTCAGTGG,0.8994346768631774,Missense,0.8994346768631774,Missense
285.0,Ser,Gly,CTTCAGTGGTGAATTTGTGG,-1.9624650845845681,Missense,-0.1387637067104337,Missense
286.0,Gly,Gly,TTCACCACTGAAGAAATCAT,1.2866397722585234,Silent,1.2866397722585234,Silent
287.0,Glu,Gly,GGTGAATTTGTGGTGTCACC,-0.17183880184532022,Missense,-0.17183880184532022,Missense
288.0,Phe,Ser,CACCACAAATTCACCACTGA,0.17573942994752628,Missense,0.17573942994752625,Missense
289.0,Val,Ala,TGACACCACAAATTCACCAC,-0.7463160936256882,Missense,-0.2852883318390809,Missense
290.0,Val,Ala,TGACACCACAAATTCACCAC,-0.7463160936256882,Missense,-0.7463160936256882,Missense
291.0,Ser,Ser,TGTCACCTGAACCAGACACA,-0.4026764437282855,Silent,-0.4026764437282855,Silent
293.0,Glu,Gly,TCACCTGAACCAGACACAAG,0.6919971198532847,Missense,0.6919971198532847,Missense
296.0,Thr,Ala,GACACAAGTGTCCACACTCT,-1.4694744870553227,Missense,-1.469474487055323,Missense
297.0,Ser,Gly,GACACAAGTGTCCACACTCT,-1.4694744870553227,Missense,-1.2874872776158028,Missense
298.0,Val,Ala,TGGACACTTGTGTCTGGTTC,-0.34816307302363425,Missense,-0.34816307302363425,Missense
299.0,His,Arg,TGTCCACACTCTTGACCCTC,-0.2288306303510778,Missense,-0.22883063035107779,Missense
300.0,Thr,Ala,TGTCCACACTCTTGACCCTC,-0.2288306303510778,Missense,-0.09301044957218961,Missense
301.0,Leu,Pro,GGGTCAAGAGTGTGGACACT,-2.107134656896275,Missense,-1.7806837646426557,Missense
302.0,Asp,Gly,TCTTGACCCTCAGAAGCACA,0.02885929994314454,Missense,0.02885929994314454,Missense
303.0,Pro,Pro,GCTTCTGAGGGTCAAGAGTG,-0.8749343472426883,Silent,-0.4006812010401975,Silent
306.0,His,Arg,AAGCACAAGTATATTATATT,-2.7709171136439594,Missense,-1.6334984384408093,Missense
307.0,Lys,Gly,AAGCACAAGTATATTATATT,-2.7709171136439594,Missense,-1.8226582722274993,Missense
308.0,Tyr,His,AATATACTTGTGCTTCTGAG,-2.713307119928679,Missense,-1.4030307886588302,Missense
309.0,Ile,Thr,ATAATATACTTGTGCTTCTG,-1.6069604518873974,Missense,-0.5061851759260008,Missense
310.0,Ile,Val,TATATTATATTGGGGAGTGA,-1.187853240412918,Missense,-0.42342456653232946,Missense
311.0,Leu,Ser,ACTCCCCAATATAATATACT,-2.5721428338762613,Missense,-1.8742558597340622,Missense
313.0,Ser,Gly,ATTGGGGAGTGATGGACTTT,-1.129384354765218,Missense,-1.129384354765218,Missense
314.0,Asp,Gly,GAGTGATGGACTTTGGAATA,-2.508529800959778,Missense,-2.508529800959778,Missense
318.0,Asn,Gly,TGGAATATGATTCCACCACA,-0.7343963011117772,Missense,-0.7343963011117772,Missense
319.0,Met,Val,TGGAATATGATTCCACCACA,-0.7343963011117772,Missense,-0.3896392890414231,Missense
320.0,Ile,Ile,GTGGTGGAATCATATTCCAA,0.9724454392670498,Silent,0.46378158114799045,Missense
322.0,Pro,,,,,,Silent
323.0,Gln,Arg,CACAAGATGCCATCTCAATG,-0.9499850127792547,Missense,-0.6358783827194006,Missense
324.0,Asp,Gly,CACAAGATGCCATCTCAATG,-0.9499850127792547,Missense,-0.9499850127792547,Missense
326.0,Ile,Thr,TTGAGATGGCATCTTGTGGT,-2.483940785779046,Missense,-0.6131550111859018,Missense
327.0,Ser,Pro,TTGAGATGGCATCTTGTGGT,-2.483940785779046,Missense,-1.9951772247103807,Missense
328.0,Met,Thr,GGCACATTGAGATGGCATCT,-2.9015695236545387,Missense,-0.7945944333542542,Missense
329.0,Cys,Arg,GGCACATTGAGATGGCATCT,-2.9015695236545387,Missense,-2.9015695236545387,Missense
332.0,Gln,,,,,,Silent
333.0,Glu,Gly,CCAAGAGGAGAAAAAATACC,2.1363303958451105,Missense,2.1363303958451105,Missense
334.0,Glu,Gly,AGAGGAGAAAAAATACCTGA,0.7271359689734055,Missense,0.23659006654117834,Missense
335.0,Lys,Glu,AGAGGAGAAAAAATACCTGA,0.7271359689734055,Missense,0.04036640278847824,Missense
336.0,Lys,Arg,AAAAATACCTGATGGTGAGA,1.066244363567726,Missense,0.25150994721309405,Missense
337.0,Tyr,Cys,AAAAATACCTGATGGTGAGA,1.066244363567726,Missense,0.04637235912222415,Missense
339.0,Met,Val,ACCTGATGGTGAGATGTGAT,-1.3047434461814444,Missense,-1.3047434461814444,Missense
340.0,Gly,Gly,ATGCTCACCCTGTATTCAAA,0.7569957135920382,Silent,0.7569957135920382,Silent
341.0,Glu,Gly,AGGGTGAGCATGGACAATCT,0.8457826651490992,Missense,0.5264459836746176,Missense
342.0,His,Arg,GGTGAGCATGGACAATCTTG,0.2071093022001359,Missense,0.2071093022001359,Missense
343.0,Gly,,,,,,Silent
344.0,Gln,Arg,TGGACAATCTTGTGCCAAAA,0.0706657162210442,Missense,0.0706657162210442,Missense
345.0,Ser,Pro,AAGATTGTCCATGCTCACCC,-0.33144709675277206,Missense,-0.33144709675277206,Missense
348.0,Lys,Gly,GCCAAAATGCTTGTGAATCG,-0.8694803837626399,Missense,-0.10206168169473356,Missense
349.0,Met,Val,GCCAAAATGCTTGTGAATCG,-0.8694803837626399,Missense,-0.8694803837626399,Missense
352.0,Asn,Ser,TGAATCGAGCATTGGGCCGC,1.226881201988087,Missense,0.25359681372400106,Missense
353.0,Arg,Arg,GAATCGAGCATTGGGCCGCT,0.3946865481494859,Silent,0.20216059125991903,Silent
354.0,Ala,Ala,AGCATTGGGCCGCTGGAGGC,1.1531684142740903,Silent,0.45498787996812046,Silent
355.0,Leu,Pro,GGCCCAATGCTCGATTCACA,-0.21847083703414277,Missense,-0.21847083703414277,Missense
358.0,Trp,Arg,GCCTCCAGCGGCCCAATGCT,-2.6397507393794744,Missense,-2.6397507393794744,Missense
359.0,Arg,Gly,GCTGGAGGCAGCGTATGCTC,-0.8749920331909316,Missense,-0.5144974227525438,Missense
360.0,Gln,Arg,AGGCAGCGTATGCTCCGAGC,0.7794277274108217,Missense,0.31271245754833277,Missense
361.0,Arg,,,,,,Silent
362.0,Met,Thr,GGAGCATACGCTGCCTCCAG,-1.0394920933811866,Missense,-0.19509391247701643,Missense
363.0,Leu,Pro,TCGGAGCATACGCTGCCTCC,-0.3852840944367731,Missense,-0.3852840944367731,Missense
364.0,Arg,Arg,TGCTCCGAGCAGATAACACT,1.112167462991661,Silent,0.5513934847135018,Silent
366.0,Asp,Gly,GCAGATAACACTAGTGCCAT,-0.928624967121338,Missense,-0.11865204928321438,Missense
367.0,Asn,Gly,GCAGATAACACTAGTGCCAT,-0.928624967121338,Missense,-0.928624967121338,Missense
368.0,Thr,Thr,TGGCACTAGTGTTATCTGCT,1.387793322459999,Silent,0.5227543733264272,Silent
369.0,Ser,Gly,ACACTAGTGCCATAGTAATC,-1.994393369570704,Missense,-0.15867128268492217,Missense
371.0,Ile,Thr,ACTATGGCACTAGTGTTATC,-2.6822619545322723,Missense,-2.6822619545322723,Missense
372.0,Val,Ala,GCAGATTACTATGGCACTAG,-1.3855429111463091,Missense,-1.3855429111463091,Missense
373.0,Ile,Thr,GCAGATTACTATGGCACTAG,-1.3855429111463091,Missense,-1.0335940547864115,Missense
374.0,Cys,Arg,ATGCAGATTACTATGGCACT,-0.8230822357583787,Missense,-0.8230822357583787,Missense
375.0,Ile,Thr,GGAGAGATGCAGATTACTAT,-2.668398038259887,Missense,-0.960829850806856,Missense
376.0,Ser,Pro,GGAGAGATGCAGATTACTAT,-2.668398038259887,Missense,-2.36446806114042,Missense
377.0,Pro,Pro,CTCTCCAGAAGTGGACAATC,-0.32611945823287536,Silent,-0.32611945823287536,Silent
378.0,Glu,Gly,CTCCAGAAGTGGACAATCAG,-0.07417919478192098,Missense,-0.07417919478192098,Missense
379.0,Val,Ala,GTCCACTTCTGGAGAGATGC,-0.3935769689455469,Missense,-0.033419552495949495,Missense
381.0,Asn,Asn,TTCCCTGATTGTCCACTTCT,1.0385525573249632,Silent,0.5898243413712719,Silent
382.0,Gln,Arg,AATCAGGGAAACTTTACCAA,0.7382095365193454,Missense,0.7382095365193454,Missense
383.0,Gly,,,,,,Silent
384.0,Asn,Gly,CAGGGAAACTTTACCAATGA,0.2505306574745419,Missense,0.09068952675121117,Missense
385.0,Phe,Ser,ATTGGTAAAGTTTCCCTGAT,-0.880519959597126,Missense,-0.880519959597126,Missense
386.0,Thr,Ala,AAACTTTACCAATGAAGATG,-0.5035874263038758,Missense,-0.5035874263038758,Missense
387.0,Asn,Asn,CTTCATTGGTAAAGTTTCCC,-0.41911527485261235,Silent,-0.41911527485261235,Silent
388.0,Glu,Gly,CAATGAAGATGAGTTATACC,1.0320788563717092,Missense,1.0320788563717092,Missense
389.0,Asp,Asp,TAACTCATCTTCATTGGTAA,4.190349607438181,Silent,4.190349607438181,Silent
390.0,Glu,Gly,AGATGAGTTATACCTGAACC,-0.7565724034778066,Missense,-0.7565724034778066,Missense
391.0,Leu,Pro,AGGTATAACTCATCTTCATT,-0.7430008258367151,Missense,-0.1532426407850669,Missense
392.0,Tyr,Cys,GAGTTATACCTGAACCTGAC,-1.8508711230207626,Missense,-0.6199019513212128,Missense
397.0,Asp,Gly,CTGACAGCCCTTCCTATAAT,1.7471292937751333,Missense,1.7471292937751333,Missense
398.0,Ser,Gly,CTGACAGCCCTTCCTATAAT,1.7471292937751333,Missense,1.7471292937751333,Missense
399.0,Pro,,,,,,Silent
400.0,Ser,Pro,TATAGGAAGGGCTGTCAGTC,-0.60736825041614,Missense,-0.2398442234269258,Missense
401.0,Tyr,Cys,CCTATAATAGTCAAGAAACC,2.123071645493936,Missense,0.6032098029502292,Missense
402.0,Asn,Gly,CCTATAATAGTCAAGAAACC,2.123071645493936,Missense,0.6132123224019983,Missense
403.0,Ser,Ser,TTGACTATTATAGGAAGGGC,-1.1437535497052012,Silent,0.14411521996273396,Missense
404.0,Gln,Arg,TAGTCAAGAAACCTGTGTGA,1.5499111315506844,Missense,1.5499111315506844,Missense
409.0,Met,Val,GTGTGATGACTCCTTCCCCA,-1.7559268327729365,Missense,-0.5417870893428083,Missense
411.0,Pro,,,,,,Silent
412.0,Ser,Pro,TGGGGAAGGAGTCATCACAC,-0.9749977073396159,Missense,-0.3211708106164864,Missense
413.0,Pro,Pro,TCCCCATGTTCTACACCACC,-0.8077137729916242,Silent,-0.8077137729916242,Silent
415.0,Ser,Pro,GGTGTAGAACATGGGGAAGG,-2.4401687274334853,Missense,-1.9370489058497475,Missense
416.0,Thr,Ala,TGTTCTACACCACCAGTCAA,-0.5542935579497776,Missense,-0.11492312955605871,Missense
417.0,Pro,Pro,CACCACCAGTCAAGGTATAT,-0.2981248037650179,Silent,-0.2981248037650179,Silent
418.0,Pro,Pro,CACCACCAGTCAAGGTATAT,-0.2981248037650179,Silent,-0.2981248037650179,Silent
419.0,Val,Ala,TTGACTGGTGGTGTAGAACA,-0.8795204359901414,Missense,-0.8795204359901414,Missense
420.0,Lys,Gly,GTCAAGGTATATAGTTCCAT,-0.23266669252377054,Missense,-0.23266669252377054,Missense
421.0,Ser,Ser,AGTCACTGGAGGAGGATCCA,-1.6038990601530676,Silent,-0.7073579150045465,Missense
422.0,Leu,Pro,CCTCCAGTGACTGAAAAATA,0.08676785453259005,Missense,0.08676785453259005,Missense
423.0,Glu,Gly,TGGAGGAGGATCCATGGCCA,0.246477728906978,Missense,0.246477728906978,Missense
424.0,Glu,Gly,GAGGAGGATCCATGGCCAAG,1.6289670513994357,Missense,0.521080602125756,Missense
425.0,Asp,Gly,GGAGGATCCATGGCCAAGGG,-5.262936612464868,Missense,-0.8520323964193239,Missense
427.0,Trp,Arg,GGCCATGGATCCTCCTCCAG,-2.8433638612075267,Missense,-1.181730943652151,Missense
428.0,Pro,,,,,,Silent
429.0,Arg,Gly,TGGCCAAGGGTGAATTCTAA,-0.5949924473214843,Missense,-0.25498336358760965,Missense
431.0,Asn,,,,,,Silent
432.0,Ser,Ser,GGTCCTTAGAATTCACCCTT,0.2797223987838221,Silent,0.19385569605619457,Missense
433.0,Lys,Gly,AATTCTAAGGACCATATACC,-0.010313221637212683,Missense,-0.010313221637212683,Missense
434.0,Asp,Gly,AAGGACCATATACCTGCCCT,0.5987109588245425,Missense,0.2084314477151446,Missense
435.0,His,Arg,AAGGACCATATACCTGCCCT,0.5987109588245425,Missense,0.1348397308089202,Missense
436.0,Ile,Met,ATATACCTGCCCTGGTTCGT,-0.7397077212954601,Missense,-0.5343696092510811,Missense
437.0,Pro,Pro,AGGGCAGGTATATGGTCCTT,-1.714888723553834,Silent,-1.714888723553834,Silent
439.0,Leu,Pro,ACGAACCAGGGCAGGTATAT,1.3248505352321436,Missense,1.3248505352321436,Missense
440.0,Val,Ala,ACGAACCAGGGCAGGTATAT,1.3248505352321436,Missense,0.6037126659215596,Missense
441.0,Arg,Arg,CATTGCTACGAACCAGGGCA,1.5051377207000924,Silent,1.5051377207000924,Silent
442.0,Ser,Gly,TCGTAGCAATGCCTTCTCAG,-1.1843075345127938,Missense,-0.698782519997926,Missense
443.0,Asn,Asp,TCGTAGCAATGCCTTCTCAG,-1.1843075345127938,Missense,-0.4113484796622344,Missense
445.0,Phe,Leu,AGAAGGCATTGCTACGAACC,-0.7258121349532178,Missense,-0.7258121349532178,Missense
448.0,Asn,Asn,AAAATTCTCTGAGAAGGCAT,0.746007753610713,Silent,0.746007753610713,Silent
449.0,Phe,Ser,CTCTAAAAAATTCTCTGAGA,1.02756084268817,Missense,0.9217205787430888,Missense
450.0,Leu,Pro,CTCTAAAAAATTCTCTGAGA,1.02756084268817,Missense,0.6103351848003861,Missense
451.0,Glu,Gly,TTAGAGGTTTCAGCTGAGAT,0.6959379704525359,Missense,0.6959379704525359,Missense
452.0,Val,Ala,GAAACCTCTAAAAAATTCTC,-0.0013086250110696945,Missense,-0.0013086250110696945,Missense
453.0,Ser,Ser,TTCAGCTGAGATAGCTCGAG,0.3296428144583313,Silent,0.12173895635977529,Silent
455.0,Glu,Gly,GCTGAGATAGCTCGAGAGAA,1.2421679947090332,Missense,1.2421679947090332,Missense
456.0,Ile,Val,GCTGAGATAGCTCGAGAGAA,1.2421679947090332,Missense,1.2421679947090332,Missense
458.0,Arg,Arg,TAGCTCGAGAGAATGTCCAA,0.15736772744057642,Silent,0.15736772744057642,Silent
459.0,Glu,Gly,CGAGAGAATGTCCAAGGTGT,-0.46986395372837714,Missense,-0.4459322045565896,Missense
460.0,Asn,Gly,CGAGAGAATGTCCAAGGTGT,-0.46986395372837714,Missense,-0.46986395372837714,Missense
463.0,Gly,Gly,CTACACCTTGGACATTCTCT,-0.4492810829844398,Silent,-0.4492810829844398,Silent
464.0,Val,Val,GGTGTAGTCATACCCTCAAA,-0.9579252578614945,Silent,-0.9579252578614945,Silent
466.0,Ile,Val,GTCATACCCTCAAAAGATCC,0.2630431401642612,Missense,0.0681321859476366,Missense
468.0,Ser,Pro,TTGAGGGTATGACTACACCT,0.2789230223260719,Missense,0.2789230223260719,Missense
469.0,Lys,Gly,TCAAAAGATCCAGAACCACT,0.5051435281376265,Missense,0.5051435281376265,Missense
470.0,Asp,Gly,AAAGATCCAGAACCACTTGA,0.5138593743968185,Missense,0.5095014512672225,Missense
472.0,Glu,Gly,CAGAACCACTTGAAGAAAAT,1.084903600740611,Missense,1.084903600740611,Missense
473.0,Pro,Pro,GAACCACTTGAAGAAAATTG,0.4309851056617209,Silent,0.4309851056617209,Silent
474.0,Leu,Pro,TCAAGTGGTTCTGGATCTTT,-0.9555653748105599,Missense,-0.9555653748105599,Missense
475.0,Glu,Gly,CTTGAAGAAAATTGCGCTAA,1.158058234823508,Missense,1.158058234823508,Missense
476.0,Glu,Gly,CTTGAAGAAAATTGCGCTAA,1.158058234823508,Missense,1.158058234823508,Missense
477.0,Asn,Gly,AGAAAATTGCGCTAAAGCCC,-0.7103594364201686,Missense,-0.7103594364201686,Missense
480.0,Lys,Gly,CGCTAAAGCCCTGACTTTAA,0.654753693880012,Missense,0.44048197729192806,Missense
483.0,Thr,Ala,GCCCTGACTTTAAGGATACA,1.5505596475912395,Missense,1.5505596475912395,Missense
484.0,Leu,Pro,ATCCTTAAAGTCAGGGCTTT,0.644513988415288,Missense,0.42437237101049596,Missense
485.0,Arg,Gly,TTTAAGGATACATGATTCTT,-0.01783709596320197,Missense,-0.01783709596320197,Missense
486.0,Ile,Thr,TCATGTATCCTTAAAGTCAG,1.319775085901379,Missense,0.3045740191356518,Missense
487.0,His,His,AATCATGTATCCTTAAAGTC,-0.9562918870904549,Silent,-0.6623345719494164,Missense
488.0,Asp,Gly,TACATGATTCTTTGAATAAT,-0.36837725680837785,Missense,-0.36837725680837785,Missense
489.0,Ser,Pro,AAAGAATCATGTATCCTTAA,-0.16105628753675877,Missense,-0.16105628753675877,Missense
491.0,Asn,Ser,TGAATAATAGCCTTCCAATT,-1.0306782416275462,Missense,-0.42048835532237244,Missense
492.0,Asn,Gly,TGAATAATAGCCTTCCAATT,-1.0306782416275462,Missense,-0.42048835532237244,Missense
493.0,Ser,Gly,AATAGCCTTCCAATTGGCCT,1.4993223310350365,Missense,1.4993223310350365,Missense
494.0,Leu,Pro,ATTGGAAGGCTATTATTCAA,0.7068683997203707,Missense,0.7068683997203707,Missense
498.0,Leu,Pro,AGGCACAAGGCCAATTGGAA,-1.231165008324002,Missense,-1.231165008324002,Missense
499.0,Val,Ala,AGGCACAAGGCCAATTGGAA,-1.231165008324002,Missense,-0.40941270832101445,Missense
500.0,Pro,Pro,TTAGTAGGCACAAGGCCAAT,-0.08361323165426743,Silent,-0.051526900085731686,Silent
501.0,Thr,Ala,CCTACTAATTCAACAAACAC,0.8137692430597695,Missense,0.8137692430597695,Missense
502.0,Asn,Gly,CCTACTAATTCAACAAACAC,0.8137692430597695,Missense,0.8137692430597695,Missense
503.0,Ser,Pro,TGTTGAATTAGTAGGCACAA,0.7834961966085268,Missense,0.42815003765629994,Missense
504.0,Thr,Ala,AATTCAACAAACACTGTCAT,1.4665804001108795,Missense,0.9395097564864411,Missense
506.0,Thr,,,,,,Silent
507.0,Val,Ala,ATGACAGTGTTTGTTGAATT,0.04843320496995726,Missense,0.04843320496995726,Missense
508.0,Met,Thr,TGGTCCATGACAGTGTTTGT,1.1224823709026903,Missense,0.6456819633450465,Missense
509.0,Asp,Gly,CATGGACCAAAAAAATTTGA,0.08211798550356632,Missense,0.08211798550356632,Missense
510.0,Gln,Arg,GGACCAAAAAAATTTGAAGA,-0.5298515856206117,Missense,-0.5298515856206117,Missense
511.0,Lys,Glu,GGACCAAAAAAATTTGAAGA,-0.5298515856206117,Missense,-0.5298515856206117,Missense
514.0,Lys,Gly,ATTTGAAGATGTCAACTCCT,1.0892490576712603,Missense,0.8803244397671274,Missense
516.0,Ser,,,,,,Silent
517.0,Thr,Ala,TCAACTCCTGGCCAAATGAA,1.7857676751167424,Missense,1.380819863715661,Missense
520.0,Gln,Arg,CCTGGCCAAATGAAAGCCCA,2.0900637314834776,Missense,2.0900637314834776,Missense
521.0,Met,Val,CAAATGAAAGCCCAAGAAAT,1.3922908133908534,Missense,1.0696873061794179,Missense
522.0,Lys,Gly,CAAATGAAAGCCCAAGAAAT,1.3922908133908534,Missense,1.3024344564631063,Missense
531.0,Pro,Pro,CCCCTCCAACAAACTTTAAA,1.729934571209612,Silent,1.729934571209612,Silent
532.0,Thr,Ala,CCCTCCAACAAACTTTAAAA,0.9157616288014301,Missense,0.9157616288014301,Missense
533.0,Asn,Gly,ACAAACTTTAAAAGGACATT,1.120727021658199,Missense,1.120727021658199,Missense
535.0,Lys,Gly,AACTTTAAAAGGACATTAGA,-0.9342215299026624,Missense,-0.2597412687512285,Missense
536.0,Arg,Gly,CTTTAAAAGGACATTAGAAG,0.4147389924002054,Missense,0.4147389924002054,Missense
538.0,Leu,,,,,,Silent
539.0,Glu,Gly,ACATTAGAAGAGTCCAATTC,0.8850970437662047,Missense,0.21589512315842355,Missense
542.0,Asn,Asp,AGAGTCCAATTCTGGCCCCC,1.6203083681924415,Missense,1.3094827634681236,Missense
543.0,Ser,Pro,CCAGAATTGGACTCTTCTAA,0.2210143016996145,Missense,0.2210143016996145,Missense
546.0,Leu,Pro,CTTCATCAGGGGGCCAGAAT,-0.7567464970002199,Missense,-0.27979924903338166,Missense
547.0,Met,Val,CCCTGATGAAGAAGCATAGA,0.9385253584731272,Missense,0.12630895346878798,Missense
548.0,Lys,Arg,TGAAGAAGCATAGACGAAAT,-0.3864318211079557,Missense,-0.26012794677638507,Missense
549.0,Lys,Gly,TGAAGAAGCATAGACGAAAT,-0.3864318211079557,Missense,-0.26012794677638507,Missense
550.0,His,His,TCGTCTATGCTTCTTCATCA,0.42005842919614694,Silent,0.16164467266401444,Missense
551.0,Arg,Arg,ATAGACGAAATGGCTTAAGT,-0.5440346220951463,Silent,-0.3062467675362742,Missense
552.0,Arg,Arg,ATAGACGAAATGGCTTAAGT,-0.5440346220951463,Silent,-0.5440346220951463,Silent
553.0,Asn,Ser,GAAATGGCTTAAGTCGAAGT,0.0747867204384578,Missense,0.05429094974360135,Missense
555.0,Leu,Leu,ATGGCTTAAGTCGAAGTAGT,0.8327884080349315,Silent,0.2409054215583257,Missense
556.0,Ser,Gly,GGCTTAAGTCGAAGTAGTGG,-0.5870341776687676,Missense,-0.12944041078330457,Missense
557.0,Arg,,,,,,Silent
558.0,Ser,Gly,CGAAGTAGTGGTGCTCAGCC,0.6171681090305956,Missense,0.44436273347926514,Missense
559.0,Ser,Gly,CGAAGTAGTGGTGCTCAGCC,0.6171681090305956,Missense,0.3744952067813059,Missense
560.0,Gly,Gly,AGCACCACTACTTCGACTTA,0.1318223045320162,Silent,0.1318223045320162,Silent
561.0,Ala,Ala,CAGGCTGAGCACCACTACTT,1.476659273759712,Silent,1.476659273759712,Silent
566.0,Leu,Pro,GTGGGGAGACTTGCAGGCTG,0.3253344126641172,Missense,0.3253344126641172,Missense
568.0,Thr,Ala,CCCCACAACCTCACAGCGAA,0.29135348630884683,Missense,0.29135348630884683,Missense
569.0,Thr,Ala,CCCCACAACCTCACAGCGAA,0.29135348630884683,Missense,0.29135348630884683,Missense
570.0,Ser,Pro,TGTGAGGTTGTGGGGAGACT,-0.872157575001614,Missense,-0.872157575001614,Missense
571.0,Gln,Arg,ACCTCACAGCGAAAGAACTC,0.39884400155093186,Missense,0.39884400155093186,Missense
575.0,Ser,Pro,AACAGAGTTCTTTCGCTGTG,1.4211443353939837,Missense,0.8508683568803884,Missense
576.0,Val,Val,TGAGTTTAACAGAGTTCTTT,-0.8046324945385291,Silent,-0.45026101748149666,Missense
577.0,Lys,Gly,CTGTTAAACTCACCATGCGA,0.7193638392968386,Missense,0.040514713956876724,Missense
580.0,Met,Thr,CGTCGCATGGTGAGTTTAAC,2.876676485058476,Missense,0.7405680445006556,Missense
581.0,Arg,Arg,CCATGCGACGCAGACTTAGG,-0.40596215025744675,Silent,-0.40596215025744675,Silent
583.0,Arg,Gly,ACGCAGACTTAGGGGCCAGA,0.5641883037397895,Missense,0.485507084540394,Missense
584.0,Leu,Pro,GCCCCTAAGTCTGCGTCGCA,1.3658409845573294,Missense,0.4003078856994506,Missense
585.0,Arg,Gly,CTTAGGGGCCAGAAGAAAAT,0.45085776197188315,Missense,0.45085776197188315,Missense
594.0,Leu,Leu,TCCTTTACTTCATCAACACA,2.336019730630653,Silent,1.615432381983934,Silent
596.0,His,Arg,CTTCATCAACACAGGAAAAC,0.11846412329109074,Missense,0.11846412329109074,Missense
597.0,Gln,Arg,ATCAACACAGGAAAACTGTT,1.2079823521822857,Missense,0.6632232377366882,Missense
598.0,His,Arg,ATCAACACAGGAAAACTGTT,1.2079823521822857,Missense,0.7984145827825103,Missense
599.0,Arg,Gly,CAACACAGGAAAACTGTTTG,0.38884681338273497,Missense,0.38884681338273497,Missense
600.0,Lys,Gly,ACAGGAAAACTGTTTGTGTT,0.6105838108956152,Missense,0.018469294465303432,Missense
601.0,Thr,Ala,GGAAAACTGTTTGTGTTTGC,-0.5736452219650083,Missense,-0.5736452219650083,Missense
606.0,Ter,Trp,GCTGAAATGCATCTGGGAAA,0.6642643332047244,Missense,0.5669347771708592,Missense
